Room_T,RH,Teff,Wind_Speed
35,30,35.00,0.00
35,30,34.3,0.1
35,30,33,0.3
35,30,31.6,0.5
35,30,29.8,0.7
35,30,27.9,0.9
35,30,26.1,1.1
35,30,25,1.3
35,30,23.8,1.5
35,30,23.4,1.7
35,30,22.9,1.9
35,30,22.6,2.1
35,30,22.4,2.3
35,30,22.2,2.5
34,30,34,0.00
34,30,33.3,0.1
34,30,32,0.3
34,30,30.6,0.5
34,30,29,0.7
34,30,27.3,0.9
34,30,25.7,1.1
34,30,24.6,1.3
34,30,23.4,1.5
34,30,23,1.7
34,30,22.5,1.9
34,30,22.1,2.1
34,30,21.8,2.3
34,30,21.4,2.5
33,30,33,0.00
33,30,32.3,0.1
33,30,31,0.3
33,30,29.6,0.5
33,30,28.2,0.7
33,30,26.7,0.9
33,30,25.3,1.1
33,30,24.2,1.3
33,30,23,1.5
33,30,22.6,1.7
33,30,22.1,1.9
33,30,21.7,2.1
33,30,21.1,2.3
33,30,20.6,2.5
32,30,32,0.00
32,30,31.3,0.1
32,30,30,0.3
32,30,28.6,0.5
32,30,27.4,0.7
32,30,26.1,0.9
32,30,24.9,1.1
32,30,23.8,1.3
32,30,22.7,1.5
32,30,22.2,1.7
32,30,21.8,1.9
32,30,21.2,2.1
32,30,20.6,2.3
32,30,20,2.5
31,30,31.0,0.00
31,30,30.3,0.1
31,30,29.0,0.3
31,30,27.6,0.5
31,30,26.6,0.7
31,30,25.5,0.9
31,30,24.5,1.1
31,30,23.5,1.3
31,30,22.5,1.5
31,30,21.9,1.7
31,30,21.4,1.9
31,30,20.9,2.1
31,30,20.3,2.3
31,30,19.7,2.5
30,30,30.0,0.0
30,30,29.3,0.1
30,30,28.0,0.3
30,30,26.7,0.5
30,30,25.8,0.7
30,30,24.9,0.9
30,30,24.1,1.1
30,30,23.2,1.3
30,30,22.3,1.5
30,30,21.7,1.7
30,30,21.1,1.9
30,30,20.5,2.1
30,30,20.0,2.3
30,30,19.5,2.5
29,30,29.0,0.0
29,30,28.4,0.1
29,30,27.1,0.3
29,30,25.8,0.5
29,30,25.0,0.7
29,30,24.2,0.9
29,30,23.5,1.1
29,30,22.7,1.3
29,30,22.0,1.5
29,30,21.2,1.7
29,30,20.5,1.9
29,30,19.9,2.1
29,30,19.5,2.3
29,30,19.2,2.5
28,30,28.0,0.0
28,30,27.4,0.1
28,30,26.2,0.3
28,30,25.0,0.5
28,30,24.2,0.7
28,30,23.5,0.9
28,30,22.7,1.1
28,30,22.0,1.3
28,30,21.4,1.5
28,30,20.5,1.7
28,30,19.6,1.9
28,30,19.0,2.1
28,30,18.8,2.3
28,30,18.6,2.5
27,30,27.0,0.0
27,30,26.4,0.1
27,30,25.3,0.3
27,30,24.1,0.5
27,30,23.4,0.7
27,30,22.7,0.9
27,30,21.9,1.1
27,30,21.3,1.3
27,30,20.7,1.5
27,30,19.7,1.7
27,30,18.6,1.9
27,30,18.1,2.1
27,30,18.0,2.3
27,30,17.9,2.5
26,30,26.0,0.0
26,30,25.5,0.1
26,30,24.4,0.3
26,30,23.5,0.5
26,30,22.8,0.7
26,30,22.1,0.9
26,30,21.4,1.1
26,30,20.8,1.3
26,30,20.3,1.5
26,30,19.1,1.7
26,30,18.0,1.9
26,30,17.5,2.1
26,30,17.5,2.3
26,30,17.5,2.5
25,30,25.0,0.0
25,30,24.6,0.1
25,30,23.7,0.3
25,30,22.9,0.5
25,30,22.2,0.7
25,30,21.6,0.9
25,30,21.0,1.1
25,30,20.4,1.3
25,30,19.9,1.5
25,30,18.8,1.7
25,30,17.6,1.9
25,30,17.1,2.1
25,30,17.1,2.3
25,30,17.1,2.5
24,30,24.0,0.0
24,30,23.7,0.1
24,30,23.0,0.3
24,30,22.3,0.5
24,30,21.7,0.7
24,30,21.2,0.9
24,30,20.6,1.1
24,30,20.0,1.3
24,30,19.5,1.5
24,30,18.4,1.7
24,30,17.2,1.9
24,30,16.7,2.1
24,30,16.7,2.3
24,30,16.7,2.5
23,30,24.0,0.0
23,30,23.6,0.1
23,30,22.8,0.3
23,30,22.0,0.5
23,30,21.4,0.7
23,30,20.9,0.9
23,30,20.3,1.1
23,30,19.8,1.3
23,30,19.2,1.5
23,30,18.4,1.7
23,30,17.7,1.9
23,30,17.2,2.1
23,30,17.2,2.3
23,30,17.2,2.5
22,30,24.2,0.0
22,30,23.7,0.1
22,30,22.8,0.3
22,30,21.8,0.5
22,30,21.2,0.7
22,30,20.7,0.9
22,30,20.1,1.1
22,30,19.6,1.3
22,30,19.0,1.5
22,30,18.6,1.7
22,30,18.2,1.9
22,30,18.0,2.1
22,30,17.9,2.3
22,30,17.8,2.5
21,30,24.4,0.0
21,30,23.8,0.1
21,30,22.7,0.3
21,30,21.6,0.5
21,30,21.1,0.7
21,30,20.5,0.9
21,30,20.0,1.1
21,30,19.4,1.3
21,30,18.8,1.5
21,30,18.7,1.7
21,30,18.6,1.9
21,30,18.5,2.1
21,30,18.4,2.3
21,30,18.3,2.5
35,35,35.0,0.00
35,35,34.4,0.1
35,35,33.1,0.3
35,35,31.8,0.5
35,35,29.9,0.7
35,35,28.1,0.9
35,35,26.2,1.1
35,35,25.1,1.3
35,35,24.0,1.5
35,35,23.5,1.7
35,35,23.1,1.9
35,35,22.7,2.1
35,35,22.5,2.3
35,35,22.2,2.5
34,35,34.0,0.00
34,35,33.4,0.1
34,35,32.1,0.3
34,35,30.8,0.5
34,35,29.1,0.7
34,35,27.5,0.9
34,35,25.8,1.1
34,35,24.7,1.3
34,35,23.6,1.5
34,35,23.2,1.7
34,35,22.7,1.9
34,35,22.3,2.1
34,35,21.9,2.3
34,35,21.5,2.5
33,35,33.0,0.00
33,35,32.4,0.1
33,35,31.1,0.3
33,35,29.8,0.5
33,35,28.3,0.7
33,35,26.9,0.9
33,35,25.4,1.1
33,35,24.3,1.3
33,35,23.3,1.5
33,35,22.8,1.7
33,35,22.4,1.9
33,35,21.9,2.1
33,35,21.4,2.3
33,35,20.8,2.5
32,35,32.0,0.00
32,35,31.4,0.1
32,35,30.1,0.3
32,35,28.8,0.5
32,35,27.5,0.7
32,35,26.3,0.9
32,35,25.0,1.1
32,35,24.0,1.3
32,35,22.9,1.5
32,35,22.5,1.7
32,35,22.0,1.9
32,35,21.5,2.1
32,35,20.8,2.3
32,35,20.2,2.5
31,35,31.0,0.00
31,35,30.4,0.1
31,35,29.1,0.3
31,35,27.8,0.5
31,35,26.7,0.7
31,35,25.7,0.9
31,35,24.6,1.1
31,35,23.7,1.3
31,35,22.7,1.5
31,35,22.2,1.7
31,35,21.6,1.9
31,35,21.1,2.1
31,35,20.5,2.3
31,35,20.0,2.5
30,35,30.0,0.0
30,35,29.4,0.1
30,35,28.1,0.3
30,35,26.8,0.5
30,35,25.9,0.7
30,35,25.1,0.9
30,35,24.2,1.1
30,35,23.3,1.3
30,35,22.5,1.5
30,35,21.9,1.7
30,35,21.2,1.9
30,35,20.7,2.1
30,35,20.2,2.3
30,35,19.7,2.5
29,35,29.0,0.0
29,35,28.4,0.1
29,35,27.1,0.3
29,35,25.9,0.5
29,35,25.1,0.7
29,35,24.4,0.9
29,35,23.6,1.1
29,35,22.9,1.3
29,35,22.1,1.5
29,35,21.4,1.7
29,35,20.6,1.9
29,35,20.1,2.1
29,35,19.7,2.3
29,35,19.3,2.5
28,35,28.0,0.0
28,35,27.4,0.1
28,35,26.3,0.3
28,35,25.1,0.5
28,35,24.3,0.7
28,35,23.6,0.9
28,35,22.9,1.1
28,35,22.2,1.3
28,35,21.5,1.5
28,35,20.6,1.7
28,35,19.8,1.9
28,35,19.2,2.1
28,35,19.0,2.3
28,35,18.7,2.5
27,35,27.0,0.0
27,35,26.5,0.1
27,35,25.4,0.3
27,35,24.3,0.5
27,35,23.5,0.7
27,35,22.8,0.9
27,35,22.1,1.1
27,35,21.5,1.3
27,35,20.9,1.5
27,35,19.9,1.7
27,35,18.9,1.9
27,35,18.3,2.1
27,35,18.2,2.3
27,35,18.1,2.5
26,35,26.0,0.0
26,35,25.5,0.1
26,35,24.6,0.3
26,35,23.6,0.5
26,35,22.9,0.7
26,35,22.2,0.9
26,35,21.5,1.1
26,35,21.0,1.3
26,35,20.4,1.5
26,35,19.4,1.7
26,35,18.3,1.9
26,35,17.7,2.1
26,35,17.7,2.3
26,35,17.6,2.5
25,35,25.0,0.0
25,35,24.6,0.1
25,35,23.8,0.3
25,35,23.0,0.5
25,35,22.4,0.7
25,35,21.8,0.9
25,35,21.1,1.1
25,35,20.6,1.3
25,35,20.0,1.5
25,35,19.0,1.7
25,35,17.9,1.9
25,35,17.3,2.1
25,35,17.2,2.3
25,35,17.1,2.5
24,35,24.0,0.0
24,35,23.7,0.1
24,35,23.1,0.3
24,35,22.5,0.5
24,35,21.9,0.7
24,35,21.3,0.9
24,35,20.7,1.1
24,35,20.2,1.3
24,35,19.6,1.5
24,35,18.6,1.7
24,35,17.5,1.9
24,35,16.9,2.1
24,35,16.8,2.3
24,35,16.7,2.5
23,35,23.7,0.0
23,35,23.4,0.1
23,35,22.6,0.3
23,35,21.9,0.5
23,35,21.3,0.7
23,35,20.8,0.9
23,35,20.3,1.1
23,35,19.8,1.3
23,35,19.2,1.5
23,35,18.4,1.7
23,35,17.7,1.9
23,35,17.2,2.1
23,35,17.1,2.3
23,35,17.0,2.5
22,35,23.6,0.0
22,35,23.2,0.1
22,35,22.3,0.3
22,35,21.3,0.5
22,35,20.9,0.7
22,35,20.4,0.9
22,35,19.9,1.1
22,35,19.4,1.3
22,35,18.8,1.5
22,35,18.4,1.7
22,35,18.0,1.9
22,35,17.7,2.1
22,35,17.5,2.3
22,35,17.4,2.5
21,35,23.6,0.0
21,35,23.0,0.1
21,35,22.0,0.3
21,35,20.9,0.5
21,35,20.5,0.7
21,35,20.0,0.9
21,35,19.6,1.1
21,35,19.1,1.3
21,35,18.5,1.5
21,35,18.4,1.7
21,35,18.2,1.9
21,35,18.0,2.1
21,35,17.9,2.3
21,35,17.8,2.5
35,40,35.0,0.00
35,40,34.4,0.1
35,40,33.1,0.3
35,40,31.9,0.5
35,40,30.1,0.7
35,40,28.2,0.9
35,40,26.4,1.1
35,40,25.2,1.3
35,40,24.1,1.5
35,40,23.7,1.7
35,40,23.2,1.9
35,40,22.8,2.1
35,40,22.5,2.3
35,40,22.2,2.5
34,40,34.0,0.00
34,40,33.4,0.1
34,40,32.1,0.3
34,40,30.9,0.5
34,40,29.3,0.7
34,40,27.6,0.9
34,40,26.0,1.1
34,40,24.9,1.3
34,40,23.8,1.5
34,40,23.4,1.7
34,40,22.9,1.9
34,40,22.5,2.1
34,40,22.0,2.3
34,40,21.6,2.5
33,40,33.0,0.00
33,40,32.4,0.1
33,40,31.1,0.3
33,40,29.9,0.5
33,40,28.5,0.7
33,40,27.0,0.9
33,40,25.6,1.1
33,40,24.5,1.3
33,40,23.5,1.5
33,40,23.1,1.7
33,40,22.6,1.9
33,40,22.1,2.1
33,40,21.6,2.3
33,40,21.0,2.5
32,40,32.0,0.00
32,40,31.4,0.1
32,40,30.1,0.3
32,40,28.9,0.5
32,40,27.7,0.7
32,40,26.4,0.9
32,40,25.2,1.1
32,40,24.2,1.3
32,40,23.2,1.5
32,40,22.7,1.7
32,40,22.3,1.9
32,40,21.7,2.1
32,40,21.1,2.3
32,40,20.5,2.5
31,40,31.0,0.00
31,40,30.4,0.1
31,40,29.2,0.3
31,40,27.9,0.5
31,40,26.9,0.7
31,40,25.8,0.9
31,40,24.8,1.1
31,40,23.8,1.3
31,40,22.9,1.5
31,40,22.4,1.7
31,40,21.8,1.9
31,40,21.3,2.1
31,40,20.7,2.3
31,40,20.2,2.5
30,40,30.0,0.0
30,40,29.4,0.1
30,40,28.2,0.3
30,40,26.9,0.5
30,40,26.1,0.7
30,40,25.2,0.9
30,40,24.3,1.1
30,40,23.5,1.3
30,40,22.7,1.5
30,40,22.0,1.7
30,40,21.4,1.9
30,40,20.8,2.1
30,40,20.4,2.3
30,40,19.9,2.5
29,40,29.0,0.0
29,40,28.4,0.1
29,40,27.2,0.3
29,40,26.0,0.5
29,40,25.3,0.7
29,40,24.5,0.9
29,40,23.8,1.1
29,40,23.0,1.3
29,40,22.3,1.5
29,40,21.5,1.7
29,40,20.8,1.9
29,40,20.2,2.1
29,40,19.9,2.3
29,40,19.5,2.5
28,40,28.0,0.0
28,40,27.4,0.1
28,40,26.3,0.3
28,40,25.2,0.5
28,40,24.5,0.7
28,40,23.7,0.9
28,40,23.0,1.1
28,40,22.3,1.3
28,40,21.7,1.5
28,40,20.8,1.7
28,40,20.0,1.9
28,40,19.4,2.1
28,40,19.1,2.3
28,40,18.9,2.5
27,40,27.0,0.0
27,40,26.5,0.1
27,40,25.5,0.3
27,40,24.4,0.5
27,40,23.7,0.7
27,40,23.0,0.9
27,40,22.2,1.1
27,40,21.6,1.3
27,40,21.0,1.5
27,40,20.1,1.7
27,40,19.1,1.9
27,40,18.6,2.1
27,40,18.4,2.3
27,40,18.2,2.5
26,40,26.0,0.0
26,40,25.6,0.1
26,40,24.7,0.3
26,40,23.8,0.5
26,40,23.1,0.7
26,40,22.4,0.9
26,40,21.7,1.1
26,40,21.1,1.3
26,40,20.6,1.5
26,40,19.6,1.7
26,40,18.6,1.9
26,40,18.0,2.1
26,40,17.8,2.3
26,40,17.7,2.5
25,40,25.0,0.0
25,40,24.7,0.1
25,40,23.9,0.3
25,40,23.2,0.5
25,40,22.5,0.7
25,40,21.9,0.9
25,40,21.3,1.1
25,40,20.7,1.3
25,40,20.2,1.5
25,40,19.2,1.7
25,40,18.1,1.9
25,40,17.6,2.1
25,40,17.4,2.3
25,40,17.2,2.5
24,40,24.0,0.0
24,40,23.8,0.1
24,40,23.2,0.3
24,40,22.6,0.5
24,40,22.0,0.7
24,40,21.5,0.9
24,40,20.9,1.1
24,40,20.3,1.3
24,40,19.8,1.5
24,40,18.8,1.7
24,40,17.7,1.9
24,40,17.1,2.1
24,40,16.9,2.3
24,40,16.7,2.5
23,40,23.5,0.0
23,40,23.1,0.1
23,40,22.4,0.3
23,40,21.8,0.5
23,40,21.3,0.7
23,40,20.8,0.9
23,40,20.3,1.1
23,40,19.7,1.3
23,40,19.2,1.5
23,40,18.5,1.7
23,40,17.7,1.9
23,40,17.2,2.1
23,40,17.0,2.3
23,40,16.8,2.5
22,40,23.1,0.0
22,40,22.6,0.1
22,40,21.8,0.3
22,40,20.9,0.5
22,40,20.5,0.7
22,40,20.1,0.9
22,40,19.6,1.1
22,40,19.2,1.3
22,40,18.7,1.5
22,40,18.2,1.7
22,40,17.7,1.9
22,40,17.4,2.1
22,40,17.2,2.3
22,40,17.0,2.5
21,40,22.8,0.0
21,40,22.3,0.1
21,40,21.3,0.3
21,40,20.3,0.5
21,40,19.9,0.7
21,40,19.5,0.9
21,40,19.2,1.1
21,40,18.7,1.3
21,40,18.3,1.5
21,40,18.0,1.7
21,40,17.7,1.9
21,40,17.5,2.1
21,40,17.4,2.3
21,40,17.2,2.5
35,45,35.0,0.00
35,45,34.4,0.1
35,45,33.2,0.3
35,45,32.1,0.5
35,45,30.2,0.7
35,45,28.3,0.9
35,45,26.5,1.1
35,45,25.4,1.3
35,45,24.3,1.5
35,45,23.8,1.7
35,45,23.4,1.9
35,45,23.0,2.1
35,45,22.6,2.3
35,45,22.2,2.5
34,45,34.0,0.00
34,45,33.4,0.1
34,45,32.2,0.3
34,45,31.1,0.5
34,45,29.4,0.7
34,45,27.7,0.9
34,45,26.1,1.1
34,45,25.0,1.3
34,45,24.0,1.5
34,45,23.6,1.7
34,45,23.1,1.9
34,45,22.7,2.1
34,45,22.2,2.3
34,45,21.7,2.5
33,45,33.0,0.00
33,45,32.4,0.1
33,45,31.2,0.3
33,45,30.1,0.5
33,45,28.6,0.7
33,45,27.1,0.9
33,45,25.7,1.1
33,45,24.7,1.3
33,45,23.7,1.5
33,45,23.3,1.7
33,45,22.9,1.9
33,45,22.3,2.1
33,45,21.8,2.3
33,45,21.2,2.5
32,45,32.0,0.00
32,45,31.4,0.1
32,45,30.2,0.3
32,45,29.1,0.5
32,45,27.8,0.7
32,45,26.5,0.9
32,45,25.3,1.1
32,45,24.4,1.3
32,45,23.5,1.5
32,45,23.0,1.7
32,45,22.5,1.9
32,45,22.0,2.1
32,45,21.4,2.3
32,45,20.8,2.5
31,45,31.0,0.00
31,45,30.4,0.1
31,45,29.2,0.3
31,45,28.1,0.5
31,45,27.0,0.7
31,45,25.9,0.9
31,45,24.9,1.1
31,45,24.0,1.3
31,45,23.2,1.5
31,45,22.6,1.7
31,45,22.1,1.9
31,45,21.5,2.1
31,45,21.0,2.3
31,45,20.4,2.5
30,45,30.0,0.0
30,45,29.4,0.1
30,45,28.2,0.3
30,45,27.1,0.5
30,45,26.2,0.7
30,45,25.4,0.9
30,45,24.5,1.1
30,45,23.7,1.3
30,45,22.8,1.5
30,45,22.2,1.7
30,45,21.6,1.9
30,45,21.0,2.1
30,45,20.5,2.3
30,45,20.1,2.5
29,45,29.0,0.0
29,45,28.4,0.1
29,45,27.3,0.3
29,45,26.2,0.5
29,45,25.4,0.7
29,45,24.7,0.9
29,45,23.9,1.1
29,45,23.2,1.3
29,45,22.4,1.5
29,45,21.7,1.7
29,45,21.0,1.9
29,45,20.4,2.1
29,45,20.0,2.3
29,45,19.6,2.5
28,45,28.0,0.0
28,45,27.5,0.1
28,45,26.4,0.3
28,45,25.4,0.5
28,45,24.6,0.7
28,45,23.9,0.9
28,45,23.2,1.1
28,45,22.5,1.3
28,45,21.8,1.5
28,45,21.0,1.7
28,45,20.2,1.9
28,45,19.6,2.1
28,45,19.3,2.3
28,45,19.0,2.5
27,45,27.0,0.0
27,45,26.5,0.1
27,45,25.5,0.3
27,45,24.6,0.5
27,45,23.8,0.7
27,45,23.1,0.9
27,45,22.4,1.1
27,45,21.8,1.3
27,45,21.2,1.5
27,45,20.3,1.7
27,45,19.4,1.9
27,45,18.8,2.1
27,45,18.6,2.3
27,45,18.4,2.5
26,45,26.0,0.0
26,45,25.6,0.1
26,45,24.8,0.3
26,45,23.9,0.5
26,45,23.2,0.7
26,45,22.5,0.9
26,45,21.8,1.1
26,45,21.3,1.3
26,45,20.7,1.5
26,45,19.8,1.7
26,45,18.8,1.9
26,45,18.2,2.1
26,45,18.0,2.3
26,45,17.8,2.5
25,45,25.0,0.0
25,45,24.7,0.1
25,45,24.0,0.3
25,45,23.3,0.5
25,45,22.7,0.7
25,45,22.1,0.9
25,45,21.4,1.1
25,45,20.9,1.3
25,45,20.3,1.5
25,45,19.4,1.7
25,45,18.4,1.9
25,45,17.8,2.1
25,45,17.5,2.3
25,45,17.3,2.5
24,45,24.1,0.0
24,45,23.8,0.1
24,45,23.3,0.3
24,45,22.8,0.5
24,45,22.2,0.7
24,45,21.6,0.9
24,45,21.0,1.1
24,45,20.5,1.3
24,45,19.9,1.5
24,45,19.0,1.7
24,45,18.0,1.9
24,45,17.3,2.1
24,45,17.0,2.3
24,45,16.7,2.5
23,45,23.2,0.0
23,45,22.9,0.1
23,45,22.3,0.3
23,45,21.6,0.5
23,45,21.2,0.7
23,45,20.7,0.9
23,45,20.2,1.1
23,45,19.7,1.3
23,45,19.2,1.5
23,45,18.5,1.7
23,45,17.7,1.9
23,45,17.2,2.1
23,45,16.9,2.3
23,45,16.6,2.5
22,45,22.5,0.0
22,45,22.1,0.1
22,45,21.3,0.3
22,45,20.5,0.5
22,45,20.1,0.7
22,45,19.8,0.9
22,45,19.4,1.1
22,45,19.0,1.3
22,45,18.5,1.5
22,45,18.0,1.7
22,45,17.5,1.9
22,45,17.1,2.1
22,45,16.9,2.3
22,45,16.6,2.5
21,45,21.9,0.0
21,45,21.5,0.1
21,45,20.5,0.3
21,45,19.6,0.5
21,45,19.3,0.7
21,45,19.0,0.9
21,45,18.7,1.1
21,45,18.4,1.3
21,45,18.0,1.5
21,45,17.6,1.7
21,45,17.3,1.9
21,45,17.0,2.1
21,45,16.8,2.3
21,45,16.7,2.5
35,50,35.0,0.00
35,50,34.4,0.1
35,50,33.3,0.3
35,50,32.2,0.5
35,50,30.3,0.7
35,50,28.5,0.9
35,50,26.6,1.1
35,50,25.5,1.3
35,50,24.4,1.5
35,50,24.0,1.7
35,50,23.5,1.9
35,50,23.1,2.1
35,50,22.6,2.3
35,50,22.2,2.5
34,50,34.0,0.00
34,50,33.4,0.1
34,50,32.3,0.3
34,50,31.2,0.5
34,50,29.5,0.7
34,50,27.9,0.9
34,50,26.2,1.1
34,50,25.2,1.3
34,50,24.2,1.5
34,50,23.7,1.7
34,50,23.3,1.9
34,50,22.8,2.1
34,50,22.3,2.3
34,50,21.8,2.5
33,50,33.0,0.00
33,50,32.4,0.1
33,50,31.3,0.3
33,50,30.2,0.5
33,50,28.7,0.7
33,50,27.3,0.9
33,50,25.8,1.1
33,50,24.9,1.3
33,50,24.0,1.5
33,50,23.5,1.7
33,50,23.1,1.9
33,50,22.6,2.1
33,50,22.0,2.3
33,50,21.4,2.5
32,50,32.0,0.00
32,50,31.4,0.1
32,50,30.3,0.3
32,50,29.2,0.5
32,50,27.9,0.7
32,50,26.7,0.9
32,50,25.4,1.1
32,50,24.6,1.3
32,50,23.7,1.5
32,50,23.3,1.7
32,50,22.8,1.9
32,50,22.3,2.1
32,50,21.6,2.3
32,50,21.0,2.5
31,50,31.0,0.00
31,50,30.4,0.1
31,50,29.3,0.3
31,50,28.2,0.5
31,50,27.1,0.7
31,50,26.1,0.9
31,50,25.0,1.1
31,50,24.2,1.3
31,50,23.4,1.5
31,50,22.8,1.7
31,50,22.3,1.9
31,50,21.7,2.1
31,50,21.2,2.3
31,50,20.6,2.5
30,50,30.0,0.0
30,50,29.4,0.1
30,50,28.3,0.3
30,50,27.2,0.5
30,50,26.3,0.7
30,50,25.5,0.9
30,50,24.6,1.1
30,50,23.8,1.3
30,50,23.0,1.5
30,50,22.4,1.7
30,50,21.8,1.9
30,50,21.2,2.1
30,50,20.7,2.3
30,50,20.2,2.5
29,50,29.0,0.0
29,50,28.5,0.1
29,50,27.4,0.3
29,50,26.3,0.5
29,50,25.6,0.7
29,50,24.8,0.9
29,50,24.1,1.1
29,50,23.3,1.3
29,50,22.6,1.5
29,50,21.8,1.7
29,50,21.1,1.9
29,50,20.6,2.1
29,50,20.2,2.3
29,50,19.8,2.5
28,50,28.0,0.0
28,50,27.5,0.1
28,50,26.5,0.3
28,50,25.5,0.5
28,50,24.8,0.7
28,50,24.0,0.9
28,50,23.3,1.1
28,50,22.6,1.3
28,50,22.0,1.5
28,50,21.2,1.7
28,50,20.4,1.9
28,50,19.8,2.1
28,50,19.5,2.3
28,50,19.2,2.5
27,50,27.0,0.0
27,50,26.5,0.1
27,50,25.6,0.3
27,50,24.7,0.5
27,50,24.0,0.7
27,50,23.2,0.9
27,50,22.5,1.1
27,50,21.9,1.3
27,50,21.3,1.5
27,50,20.5,1.7
27,50,19.6,1.9
27,50,19.1,2.1
27,50,18.8,2.3
27,50,18.5,2.5
26,50,26.0,0.0
26,50,25.6,0.1
26,50,24.8,0.3
26,50,24.1,0.5
26,50,23.4,0.7
26,50,22.7,0.9
26,50,22.0,1.1
26,50,21.4,1.3
26,50,20.9,1.5
26,50,20.0,1.7
26,50,19.1,1.9
26,50,18.5,2.1
26,50,18.2,2.3
26,50,17.9,2.5
25,50,25.1,0.0
25,50,24.7,0.1
25,50,24.1,0.3
25,50,23.5,0.5
25,50,22.8,0.7
25,50,22.2,0.9
25,50,21.6,1.1
25,50,21.0,1.3
25,50,20.5,1.5
25,50,19.6,1.7
25,50,18.7,1.9
25,50,18.0,2.1
25,50,17.7,2.3
25,50,17.3,2.5
24,50,24.1,0.0
24,50,23.9,0.1
24,50,23.4,0.3
24,50,22.9,0.5
24,50,22.3,0.7
24,50,21.8,0.9
24,50,21.2,1.1
24,50,20.6,1.3
24,50,20.1,1.5
24,50,19.2,1.7
24,50,18.2,1.9
24,50,17.6,2.1
24,50,17.1,2.3
24,50,16.7,2.5
23,50,23.0,0.0
23,50,22.7,0.1
23,50,22.1,0.3
23,50,21.5,0.5
23,50,21.1,0.7
23,50,20.6,0.9
23,50,20.2,1.1
23,50,19.7,1.3
23,50,19.2,1.5
23,50,18.5,1.7
23,50,17.7,1.9
23,50,17.2,2.1
23,50,16.8,2.3
23,50,16.4,2.5
22,50,21.9,0.0
22,50,21.6,0.1
22,50,20.8,0.3
22,50,20.1,0.5
22,50,19.8,0.7
22,50,19.4,0.9
22,50,19.1,1.1
22,50,18.8,1.3
22,50,18.4,1.5
22,50,17.8,1.7
22,50,17.2,1.9
22,50,16.8,2.1
22,50,16.5,2.3
22,50,16.2,2.5
21,50,21.1,0.0
21,50,20.7,0.1
21,50,19.8,0.3
21,50,18.9,0.5
21,50,18.7,0.7
21,50,18.5,0.9
21,50,18.3,1.1
21,50,18.0,1.3
21,50,17.7,1.5
21,50,17.3,1.7
21,50,16.8,1.9
21,50,16.5,2.1
21,50,16.3,2.3
21,50,16.1,2.5
35,55,35.8,0.00
35,55,35.3,0.1
35,55,34.1,0.3
35,55,33.0,0.5
35,55,31.2,0.7
35,55,29.4,0.9
35,55,27.6,1.1
35,55,26.7,1.3
35,55,25.9,1.5
35,55,25.1,1.7
35,55,24.4,1.9
35,55,23.8,2.1
35,55,23.3,2.3
35,55,22.9,2.5
34,55,34.8,0.00
34,55,34.2,0.1
34,55,33.1,0.3
34,55,32.0,0.5
34,55,30.4,0.7
34,55,28.8,0.9
34,55,27.1,1.1
34,55,26.4,1.3
34,55,25.6,1.5
34,55,24.9,1.7
34,55,24.2,1.9
34,55,23.5,2.1
34,55,23.0,2.3
34,55,22.5,2.5
33,55,33.7,0.00
33,55,33.2,0.1
33,55,32.1,0.3
33,55,31.0,0.5
33,55,29.6,0.7
33,55,28.1,0.9
33,55,26.7,1.1
33,55,26.0,1.3
33,55,25.4,1.5
33,55,24.6,1.7
33,55,23.9,1.9
33,55,23.3,2.1
33,55,22.6,2.3
33,55,22.0,2.5
32,55,32.7,0.00
32,55,32.2,0.1
32,55,31.1,0.3
32,55,30.0,0.5
32,55,28.8,0.7
32,55,27.5,0.9
32,55,26.2,1.1
32,55,25.6,1.3
32,55,25.1,1.5
32,55,24.4,1.7
32,55,23.6,1.9
32,55,23.0,2.1
32,55,22.3,2.3
32,55,21.6,2.5
31,55,31.6,0.00
31,55,31.1,0.1
31,55,30.1,0.3
31,55,29.0,0.5
31,55,28.0,0.7
31,55,26.9,0.9
31,55,25.8,1.1
31,55,25.2,1.3
31,55,24.6,1.5
31,55,23.9,1.7
31,55,23.1,1.9
31,55,22.5,2.1
31,55,21.9,2.3
31,55,21.3,2.5
30,55,30.6,0.0
30,55,30.1,0.1
30,55,29.1,0.3
30,55,28.0,0.5
30,55,27.2,0.7
30,55,26.3,0.9
30,55,25.4,1.1
30,55,24.8,1.3
30,55,24.2,1.5
30,55,23.4,1.7
30,55,22.6,1.9
30,55,22.0,2.1
30,55,21.5,2.3
30,55,21.0,2.5
29,55,29.5,0.0
29,55,29.0,0.1
29,55,28.1,0.3
29,55,27.1,0.5
29,55,26.3,0.7
29,55,25.5,0.9
29,55,24.8,1.1
29,55,24.3,1.3
29,55,23.7,1.5
29,55,22.9,1.7
29,55,22.0,1.9
29,55,21.3,2.1
29,55,20.9,2.3
29,55,20.5,2.5
28,55,28.5,0.0
28,55,28.0,0.1
28,55,27.1,0.3
28,55,26.1,0.5
28,55,25.4,0.7
28,55,24.7,0.9
28,55,23.9,1.1
28,55,23.5,1.3
28,55,23.2,1.5
28,55,22.1,1.7
28,55,21.1,1.9
28,55,20.4,2.1
28,55,20.1,2.3
28,55,19.7,2.5
27,55,27.4,0.0
27,55,27.0,0.1
27,55,26.1,0.3
27,55,25.2,0.5
27,55,24.5,0.7
27,55,23.8,0.9
27,55,23.1,1.1
27,55,22.8,1.3
27,55,22.6,1.5
27,55,21.4,1.7
27,55,20.3,1.9
27,55,19.5,2.1
27,55,19.2,2.3
27,55,18.9,2.5
26,55,26.4,0.0
26,55,26.0,0.1
26,55,25.3,0.3
26,55,24.5,0.5
26,55,23.8,0.7
26,55,23.2,0.9
26,55,22.5,1.1
26,55,22.3,1.3
26,55,22.1,1.5
26,55,20.9,1.7
26,55,19.7,1.9
26,55,18.9,2.1
26,55,18.6,2.3
26,55,18.3,2.5
25,55,25.5,0.0
25,55,25.2,0.1
25,55,24.5,0.3
25,55,23.9,0.5
25,55,23.3,0.7
25,55,22.7,0.9
25,55,22.1,1.1
25,55,21.9,1.3
25,55,21.7,1.5
25,55,20.5,1.7
25,55,19.3,1.9
25,55,18.5,2.1
25,55,18.1,2.3
25,55,17.8,2.5
24,55,24.5,0.0
24,55,24.3,0.1
24,55,23.8,0.3
24,55,23.3,0.5
24,55,22.8,0.7
24,55,22.3,0.9
24,55,21.7,1.1
24,55,21.5,1.3
24,55,21.3,1.5
24,55,20.1,1.7
24,55,18.9,1.9
24,55,18.1,2.1
24,55,17.7,2.3
24,55,17.3,2.5
23,55,23.4,0.0
23,55,23.1,0.1
23,55,22.5,0.3
23,55,21.9,0.5
23,55,21.5,0.7
23,55,21.1,0.9
23,55,20.6,1.1
23,55,20.4,1.3
23,55,20.1,1.5
23,55,19.2,1.7
23,55,18.3,1.9
23,55,17.7,2.1
23,55,17.3,2.3
23,55,16.9,2.5
22,55,22.4,0.0
22,55,22.0,0.1
22,55,21.3,0.3
22,55,20.5,0.5
22,55,20.1,0.7
22,55,19.8,0.9
22,55,19.5,1.1
22,55,19.1,1.3
22,55,18.8,1.5
22,55,18.2,1.7
22,55,17.7,1.9
22,55,17.2,2.1
22,55,16.9,2.3
22,55,16.6,2.5
21,55,21.7,0.0
21,55,21.2,0.1
21,55,20.2,0.3
21,55,19.3,0.5
21,55,19.1,0.7
21,55,18.8,0.9
21,55,18.6,1.1
21,55,18.2,1.3
21,55,17.7,1.5
21,55,17.5,1.7
21,55,17.2,1.9
21,55,16.9,2.1
21,55,16.6,2.3
21,55,16.4,2.5
35,60,36.7,0.00
35,60,36.1,0.1
35,60,35.0,0.3
35,60,33.9,0.5
35,60,32.1,0.7
35,60,30.3,0.9
35,60,28.6,1.1
35,60,27.6,1.3
35,60,26.6,1.5
35,60,25.8,1.7
35,60,25.1,1.9
35,60,24.5,2.1
35,60,24.0,2.3
35,60,23.6,2.5
34,60,35.6,0.00
34,60,35.0,0.1
34,60,33.9,0.3
34,60,32.9,0.5
34,60,31.3,0.7
34,60,29.7,0.9
34,60,28.1,1.1
34,60,27.1,1.3
34,60,26.2,1.5
34,60,25.5,1.7
34,60,24.8,1.9
34,60,24.2,2.1
34,60,23.7,2.3
34,60,23.1,2.5
33,60,34.5,0.00
33,60,33.9,0.1
33,60,32.9,0.3
33,60,31.9,0.5
33,60,30.4,0.7
33,60,29.0,0.9
33,60,27.6,1.1
33,60,26.7,1.3
33,60,25.8,1.5
33,60,25.2,1.7
33,60,24.6,1.9
33,60,23.9,2.1
33,60,23.3,2.3
33,60,22.6,2.5
32,60,33.4,0.00
32,60,32.9,0.1
32,60,31.9,0.3
32,60,30.9,0.5
32,60,29.6,0.7
32,60,28.3,0.9
32,60,27.1,1.1
32,60,26.2,1.3
32,60,25.4,1.5
32,60,24.8,1.7
32,60,24.3,1.9
32,60,23.6,2.1
32,60,22.9,2.3
32,60,22.2,2.5
31,60,32.3,0.00
31,60,31.8,0.1
31,60,30.8,0.3
31,60,29.9,0.5
31,60,28.8,0.7
31,60,27.7,0.9
31,60,26.6,1.1
31,60,25.7,1.3
31,60,24.9,1.5
31,60,24.4,1.7
31,60,23.8,1.9
31,60,23.2,2.1
31,60,22.6,2.3
31,60,22.0,2.5
30,60,31.2,0.0
30,60,30.7,0.1
30,60,29.8,0.3
30,60,28.9,0.5
30,60,28.0,0.7
30,60,27.0,0.9
30,60,26.1,1.1
30,60,25.3,1.3
30,60,24.4,1.5
30,60,23.9,1.7
30,60,23.3,1.9
30,60,22.8,2.1
30,60,22.3,2.3
30,60,21.8,2.5
29,60,30.1,0.0
29,60,29.6,0.1
29,60,28.7,0.3
29,60,27.9,0.5
29,60,27.1,0.7
29,60,26.3,0.9
29,60,25.4,1.1
29,60,24.7,1.3
29,60,23.9,1.5
29,60,23.2,1.7
29,60,22.6,1.9
29,60,22.1,2.1
29,60,21.7,2.3
29,60,21.3,2.5
28,60,29.0,0.0
28,60,28.5,0.1
28,60,27.7,0.3
28,60,26.8,0.5
28,60,26.0,0.7
28,60,25.3,0.9
28,60,24.6,1.1
28,60,23.9,1.3
28,60,23.2,1.5
28,60,22.4,1.7
28,60,21.6,1.9
28,60,21.0,2.1
28,60,20.6,2.3
28,60,20.3,2.5
27,60,27.9,0.0
27,60,27.4,0.1
27,60,26.6,0.3
27,60,25.7,0.5
27,60,25.0,0.7
27,60,24.3,0.9
27,60,23.7,1.1
27,60,23.1,1.3
27,60,22.5,1.5
27,60,21.5,1.7
27,60,20.6,1.9
27,60,20.0,2.1
27,60,19.6,2.3
27,60,19.3,2.5
26,60,26.9,0.0
26,60,26.5,0.1
26,60,25.7,0.3
26,60,24.9,0.5
26,60,24.3,0.7
26,60,23.7,0.9
26,60,23.1,1.1
26,60,22.5,1.3
26,60,22.0,1.5
26,60,21.0,1.7
26,60,20.0,1.9
26,60,19.3,2.1
26,60,19.0,2.3
26,60,18.6,2.5
25,60,25.9,0.0
25,60,25.6,0.1
25,60,24.9,0.3
25,60,24.3,0.5
25,60,23.8,0.7
25,60,23.2,0.9
25,60,22.7,1.1
25,60,22.1,1.3
25,60,21.6,1.5
25,60,20.6,1.7
25,60,19.7,1.9
25,60,19.0,2.1
25,60,18.6,2.3
25,60,18.2,2.5
24,60,24.9,0.0
24,60,24.7,0.1
24,60,24.2,0.3
24,60,23.7,0.5
24,60,23.2,0.7
24,60,22.8,0.9
24,60,22.3,1.1
24,60,21.7,1.3
24,60,21.2,1.5
24,60,20.3,1.7
24,60,19.4,1.9
24,60,18.7,2.1
24,60,18.2,2.3
24,60,17.8,2.5
23,60,23.9,0.0
23,60,23.6,0.1
23,60,22.9,0.3
23,60,22.3,0.5
23,60,21.9,0.7
23,60,21.5,0.9
23,60,21.1,1.1
23,60,20.6,1.3
23,60,20.2,1.5
23,60,19.4,1.7
23,60,18.7,1.9
23,60,18.2,2.1
23,60,17.8,2.3
23,60,17.4,2.5
22,60,22.9,0.0
22,60,22.5,0.1
22,60,21.7,0.3
22,60,20.9,0.5
22,60,20.5,0.7
22,60,20.2,0.9
22,60,19.8,1.1
22,60,19.5,1.3
22,60,19.1,1.5
22,60,18.6,1.7
22,60,18.1,1.9
22,60,17.7,2.1
22,60,17.3,2.3
22,60,17.0,2.5
21,60,22.2,0.0
21,60,21.7,0.1
21,60,20.7,0.3
21,60,19.7,0.5
21,60,19.4,0.7
21,60,19.1,0.9
21,60,18.9,1.1
21,60,18.6,1.3
21,60,18.3,1.5
21,60,17.9,1.7
21,60,17.6,1.9
21,60,17.3,2.1
21,60,17.0,2.3
21,60,16.7,2.5
35,65,37.5,0.00
35,65,36.9,0.1
35,65,35.8,0.3
35,65,34.7,0.5
35,65,33.0,0.7
35,65,31.2,0.9
35,65,29.5,1.1
35,65,28.6,1.3
35,65,27.7,1.5
35,65,26.8,1.7
35,65,25.9,1.9
35,65,25.2,2.1
35,65,24.7,2.3
35,65,24.3,2.5
34,65,36.3,0.00
34,65,35.8,0.1
34,65,34.7,0.3
34,65,33.7,0.5
34,65,32.1,0.7
34,65,30.5,0.9
34,65,29.0,1.1
34,65,28.1,1.3
34,65,27.2,1.5
34,65,26.4,1.7
34,65,25.6,1.9
34,65,24.9,2.1
34,65,24.3,2.3
34,65,23.7,2.5
33,65,35.2,0.00
33,65,34.7,0.1
33,65,33.7,0.3
33,65,32.7,0.5
33,65,31.3,0.7
33,65,29.8,0.9
33,65,28.4,1.1
33,65,27.6,1.3
33,65,26.7,1.5
33,65,26.0,1.7
33,65,25.3,1.9
33,65,24.6,2.1
33,65,23.9,2.3
33,65,23.2,2.5
32,65,34.1,0.00
32,65,33.6,0.1
32,65,32.6,0.3
32,65,31.7,0.5
32,65,30.4,0.7
32,65,29.1,0.9
32,65,27.9,1.1
32,65,27.1,1.3
32,65,26.2,1.5
32,65,25.6,1.7
32,65,25.0,1.9
32,65,24.3,2.1
32,65,23.5,2.3
32,65,22.7,2.5
31,65,32.9,0.00
31,65,32.5,0.1
31,65,31.6,0.3
31,65,30.7,0.5
31,65,29.6,0.7
31,65,28.5,0.9
31,65,27.3,1.1
31,65,26.5,1.3
31,65,25.7,1.5
31,65,25.1,1.7
31,65,24.6,1.9
31,65,23.9,2.1
31,65,23.3,2.3
31,65,22.6,2.5
30,65,31.7,0.0
30,65,31.3,0.1
30,65,30.5,0.3
30,65,29.7,0.5
30,65,28.8,0.7
30,65,27.8,0.9
30,65,26.8,1.1
30,65,26.0,1.3
30,65,25.2,1.5
30,65,24.6,1.7
30,65,24.1,1.9
30,65,23.6,2.1
30,65,23.1,2.3
30,65,22.5,2.5
29,65,30.6,0.0
29,65,30.2,0.1
29,65,29.4,0.3
29,65,28.7,0.5
29,65,27.8,0.7
29,65,27.0,0.9
29,65,26.1,1.1
29,65,25.3,1.3
29,65,24.5,1.5
29,65,23.9,1.7
29,65,23.4,1.9
29,65,22.9,2.1
29,65,22.4,2.3
29,65,22.0,2.5
28,65,29.5,0.0
28,65,29.1,0.1
28,65,28.2,0.3
28,65,27.4,0.5
28,65,26.7,0.7
28,65,25.9,0.9
28,65,25.2,1.1
28,65,24.5,1.3
28,65,23.8,1.5
28,65,23.0,1.7
28,65,22.2,1.9
28,65,21.6,2.1
28,65,21.2,2.3
28,65,20.8,2.5
27,65,28.3,0.0
27,65,27.9,0.1
27,65,27.0,0.3
27,65,26.2,0.5
27,65,25.5,0.7
27,65,24.9,0.9
27,65,24.2,1.1
27,65,23.6,1.3
27,65,23.0,1.5
27,65,22.1,1.7
27,65,21.1,1.9
27,65,20.4,2.1
27,65,20.0,2.3
27,65,19.6,2.5
26,65,27.3,0.0
26,65,26.9,0.1
26,65,26.1,0.3
26,65,25.3,0.5
26,65,24.7,0.7
26,65,24.2,0.9
26,65,23.6,1.1
26,65,23.1,1.3
26,65,22.5,1.5
26,65,21.5,1.7
26,65,20.5,1.9
26,65,19.8,2.1
26,65,19.3,2.3
26,65,18.9,2.5
25,65,26.3,0.0
25,65,26.0,0.1
25,65,25.3,0.3
25,65,24.7,0.5
25,65,24.2,0.7
25,65,23.7,0.9
25,65,23.2,1.1
25,65,22.7,1.3
25,65,22.1,1.5
25,65,21.2,1.7
25,65,20.2,1.9
25,65,19.5,2.1
25,65,19.1,2.3
25,65,18.6,2.5
24,65,25.3,0.0
24,65,25.1,0.1
24,65,24.6,0.3
24,65,24.1,0.5
24,65,23.7,0.7
24,65,23.3,0.9
24,65,22.8,1.1
24,65,22.3,1.3
24,65,21.7,1.5
24,65,20.8,1.7
24,65,19.9,1.9
24,65,19.2,2.1
24,65,18.8,2.3
24,65,18.3,2.5
23,65,24.3,0.0
23,65,24.0,0.1
23,65,23.4,0.3
23,65,22.7,0.5
23,65,22.3,0.7
23,65,21.9,0.9
23,65,21.5,1.1
23,65,21.1,1.3
23,65,20.6,1.5
23,65,19.9,1.7
23,65,19.3,1.9
23,65,18.7,2.1
23,65,18.3,2.3
23,65,17.8,2.5
22,65,23.4,0.0
22,65,23.0,0.1
22,65,22.1,0.3
22,65,21.3,0.5
22,65,20.9,0.7
22,65,20.6,0.9
22,65,20.2,1.1
22,65,19.8,1.3
22,65,19.5,1.5
22,65,19.0,1.7
22,65,18.6,1.9
22,65,18.1,2.1
22,65,17.7,2.3
22,65,17.3,2.5
21,65,22.8,0.0
21,65,22.2,0.1
21,65,21.2,0.3
21,65,20.1,0.5
21,65,19.8,0.7
21,65,19.5,0.9
21,65,19.1,1.1
21,65,18.8,1.3
21,65,18.5,1.5
21,65,18.3,1.7
21,65,18.0,1.9
21,65,17.7,2.1
21,65,17.3,2.3
21,65,16.9,2.5
35,70,38.3,0.00
35,70,37.7,0.1
35,70,36.6,0.3
35,70,35.5,0.5
35,70,33.8,0.7
35,70,32.2,0.9
35,70,30.5,1.1
35,70,29.7,1.3
35,70,28.8,1.5
35,70,27.7,1.7
35,70,26.6,1.9
35,70,25.9,2.1
35,70,25.4,2.3
35,70,25.0,2.5
34,70,37.1,0.00
34,70,36.6,0.1
34,70,35.5,0.3
34,70,34.5,0.5
34,70,33.0,0.7
34,70,31.4,0.9
34,70,29.9,1.1
34,70,29.1,1.3
34,70,28.2,1.5
34,70,27.3,1.7
34,70,26.4,1.9
34,70,25.6,2.1
34,70,25.0,2.3
34,70,24.4,2.5
33,70,35.9,0.00
33,70,35.5,0.1
33,70,34.5,0.3
33,70,33.5,0.5
33,70,32.1,0.7
33,70,30.7,0.9
33,70,29.3,1.1
33,70,28.5,1.3
33,70,27.7,1.5
33,70,26.9,1.7
33,70,26.1,1.9
33,70,25.3,2.1
33,70,24.5,2.3
33,70,23.8,2.5
32,70,34.8,0.00
32,70,34.3,0.1
32,70,33.4,0.3
32,70,32.5,0.5
32,70,31.2,0.7
32,70,30.0,0.9
32,70,28.7,1.1
32,70,27.9,1.3
32,70,27.1,1.5
32,70,26.4,1.7
32,70,25.8,1.9
32,70,25.0,2.1
32,70,24.1,2.3
32,70,23.3,2.5
31,70,33.5,0.00
31,70,33.1,0.1
31,70,32.3,0.3
31,70,31.5,0.5
31,70,30.4,0.7
31,70,29.3,0.9
31,70,28.1,1.1
31,70,27.3,1.3
31,70,26.5,1.5
31,70,25.9,1.7
31,70,25.3,1.9
31,70,24.7,2.1
31,70,24.0,2.3
31,70,23.3,2.5
30,70,32.3,0.0
30,70,32.0,0.1
30,70,31.3,0.3
30,70,30.6,0.5
30,70,29.6,0.7
30,70,28.6,0.9
30,70,27.5,1.1
30,70,26.7,1.3
30,70,25.9,1.5
30,70,25.4,1.7
30,70,24.9,1.9
30,70,24.4,2.1
30,70,23.8,2.3
30,70,23.3,2.5
29,70,31.1,0.0
29,70,30.8,0.1
29,70,30.1,0.3
29,70,29.4,0.5
29,70,28.6,0.7
29,70,27.7,0.9
29,70,26.8,1.1
29,70,26.0,1.3
29,70,25.2,1.5
29,70,24.6,1.7
29,70,24.1,1.9
29,70,23.6,2.1
29,70,23.2,2.3
29,70,22.7,2.5
28,70,30.0,0.0
28,70,29.6,0.1
28,70,28.8,0.3
28,70,28.1,0.5
28,70,27.3,0.7
28,70,26.6,0.9
28,70,25.8,1.1
28,70,25.1,1.3
28,70,24.4,1.5
28,70,23.6,1.7
28,70,22.8,1.9
28,70,22.2,2.1
28,70,21.8,2.3
28,70,21.4,2.5
27,70,28.8,0.0
27,70,28.3,0.1
27,70,27.5,0.3
27,70,26.7,0.5
27,70,26.0,0.7
27,70,25.4,0.9
27,70,24.8,1.1
27,70,24.2,1.3
27,70,23.6,1.5
27,70,22.6,1.7
27,70,21.6,1.9
27,70,20.8,2.1
27,70,20.4,2.3
27,70,20.0,2.5
26,70,27.7,0.0
26,70,27.3,0.1
26,70,26.5,0.3
26,70,25.7,0.5
26,70,25.2,0.7
26,70,24.7,0.9
26,70,24.2,1.1
26,70,23.6,1.3
26,70,23.1,1.5
26,70,22.0,1.7
26,70,20.9,1.9
26,70,20.2,2.1
26,70,19.7,2.3
26,70,19.3,2.5
25,70,26.7,0.0
25,70,26.4,0.1
25,70,25.8,0.3
25,70,25.1,0.5
25,70,24.7,0.7
25,70,24.2,0.9
25,70,23.8,1.1
25,70,23.2,1.3
25,70,22.7,1.5
25,70,21.7,1.7
25,70,20.7,1.9
25,70,20.0,2.1
25,70,19.5,2.3
25,70,19.1,2.5
24,70,25.7,0.0
24,70,25.5,0.1
24,70,25.0,0.3
24,70,24.5,0.5
24,70,24.1,0.7
24,70,23.8,0.9
24,70,23.4,1.1
24,70,22.8,1.3
24,70,22.3,1.5
24,70,21.4,1.7
24,70,20.5,1.9
24,70,19.8,2.1
24,70,19.3,2.3
24,70,18.8,2.5
23,70,24.8,0.0
23,70,24.4,0.1
23,70,23.8,0.3
23,70,23.1,0.5
23,70,22.7,0.7
23,70,22.4,0.9
23,70,22.0,1.1
23,70,21.5,1.3
23,70,21.1,1.5
23,70,20.4,1.7
23,70,19.8,1.9
23,70,19.2,2.1
23,70,18.7,2.3
23,70,18.3,2.5
22,70,24.0,0.0
22,70,23.5,0.1
22,70,22.6,0.3
22,70,21.7,0.5
22,70,21.3,0.7
22,70,20.9,0.9
22,70,20.6,1.1
22,70,20.2,1.3
22,70,19.8,1.5
22,70,19.4,1.7
22,70,19.0,1.9
22,70,18.6,2.1
22,70,18.1,2.3
22,70,17.7,2.5
21,70,23.3,0.0
21,70,22.7,0.1
21,70,21.6,0.3
21,70,20.5,0.5
21,70,20.1,0.7
21,70,19.8,0.9
21,70,19.4,1.1
21,70,19.1,1.3
21,70,18.8,1.5
21,70,18.6,1.7
21,70,18.4,1.9
21,70,18.1,2.1
21,70,17.6,2.3
21,70,17.2,2.5
35,75,39.2,0.00
35,75,38.6,0.1
35,75,37.5,0.3
35,75,36.4,0.5
35,75,34.5,0.7
35,75,32.7,0.9
35,75,30.8,1.1
35,75,30.7,1.3
35,75,30.6,1.5
35,75,29.0,1.7
35,75,27.4,1.9
35,75,26.3,2.1
35,75,25.7,2.3
35,75,25.1,2.5
34,75,38.1,0.00
34,75,37.5,0.1
34,75,36.5,0.3
34,75,35.5,0.5
34,75,33.7,0.7
34,75,32.0,0.9
34,75,30.3,1.1
34,75,30.0,1.3
34,75,29.7,1.5
34,75,28.4,1.7
34,75,27.2,1.9
34,75,26.2,2.1
34,75,25.6,2.3
34,75,25.0,2.5
33,75,37.0,0.00
33,75,36.5,0.1
33,75,35.5,0.3
33,75,34.6,0.5
33,75,33.0,0.7
33,75,31.4,0.9
33,75,29.8,1.1
33,75,29.3,1.3
33,75,28.7,1.5
33,75,27.8,1.7
33,75,26.9,1.9
33,75,26.1,2.1
33,75,25.5,2.3
33,75,24.8,2.5
32,75,35.8,0.00
32,75,35.4,0.1
32,75,34.5,0.3
32,75,33.6,0.5
32,75,32.2,0.7
32,75,30.7,0.9
32,75,29.3,1.1
32,75,28.6,1.3
32,75,27.8,1.5
32,75,27.2,1.7
32,75,26.6,1.9
32,75,25.9,2.1
32,75,25.3,2.3
32,75,24.6,2.5
31,75,34.5,0.00
31,75,34.1,0.1
31,75,33.3,0.3
31,75,32.5,0.5
31,75,31.3,0.7
31,75,30.0,0.9
31,75,28.8,1.1
31,75,28.0,1.3
31,75,27.3,1.5
31,75,26.6,1.7
31,75,26.0,1.9
31,75,25.4,2.1
31,75,24.8,2.3
31,75,24.2,2.5
30,75,33.2,0.0
30,75,32.9,0.1
30,75,32.2,0.3
30,75,31.5,0.5
30,75,30.4,0.7
30,75,29.4,0.9
30,75,28.3,1.1
30,75,27.5,1.3
30,75,26.7,1.5
30,75,26.1,1.7
30,75,25.4,1.9
30,75,24.8,2.1
30,75,24.3,2.3
30,75,23.8,2.5
29,75,31.9,0.0
29,75,31.6,0.1
29,75,30.9,0.3
29,75,30.2,0.5
29,75,29.3,0.7
29,75,28.4,0.9
29,75,27.6,1.1
29,75,26.8,1.3
29,75,26.1,1.5
29,75,25.3,1.7
29,75,24.5,1.9
29,75,23.9,2.1
29,75,23.5,2.3
29,75,23.0,2.5
28,75,30.7,0.0
28,75,30.3,0.1
28,75,29.5,0.3
28,75,28.7,0.5
28,75,28.0,0.7
28,75,27.2,0.9
28,75,26.5,1.1
28,75,25.9,1.3
28,75,25.2,1.5
28,75,24.2,1.7
28,75,23.2,1.9
28,75,22.6,2.1
28,75,22.2,2.3
28,75,21.8,2.5
27,75,29.4,0.0
27,75,28.9,0.1
27,75,28.1,0.3
27,75,27.2,0.5
27,75,26.6,0.7
27,75,26.0,0.9
27,75,25.4,1.1
27,75,24.9,1.3
27,75,24.4,1.5
27,75,23.2,1.7
27,75,22.0,1.9
27,75,21.2,2.1
27,75,20.8,2.3
27,75,20.5,2.5
26,75,28.2,0.0
26,75,27.8,0.1
26,75,27.0,0.3
26,75,26.2,0.5
26,75,25.7,0.7
26,75,25.2,0.9
26,75,24.7,1.1
26,75,24.2,1.3
26,75,23.8,1.5
26,75,22.6,1.7
26,75,21.3,1.9
26,75,20.5,2.1
26,75,20.2,2.3
26,75,19.8,2.5
25,75,27.1,0.0
25,75,26.8,0.1
25,75,26.2,0.3
25,75,25.5,0.5
25,75,25.1,0.7
25,75,24.6,0.9
25,75,24.2,1.1
25,75,23.8,1.3
25,75,23.4,1.5
25,75,22.2,1.7
25,75,21.1,1.9
25,75,20.3,2.1
25,75,20.0,2.3
25,75,19.6,2.5
24,75,26.0,0.0
24,75,25.8,0.1
24,75,25.3,0.3
24,75,24.8,0.5
24,75,24.4,0.7
24,75,24.0,0.9
24,75,23.7,1.1
24,75,23.3,1.3
24,75,23.0,1.5
24,75,21.9,1.7
24,75,20.8,1.9
24,75,20.1,2.1
24,75,19.8,2.3
24,75,19.4,2.5
23,75,25.2,0.0
23,75,24.8,0.1
23,75,24.2,0.3
23,75,23.5,0.5
23,75,23.1,0.7
23,75,22.7,0.9
23,75,22.3,1.1
23,75,21.9,1.3
23,75,21.6,1.5
23,75,20.8,1.7
23,75,20.0,1.9
23,75,19.5,2.1
23,75,19.2,2.3
23,75,18.9,2.5
22,75,24.4,0.0
22,75,24.0,0.1
22,75,23.1,0.3
22,75,22.1,0.5
22,75,21.7,0.7
22,75,21.3,0.9
22,75,20.8,1.1
22,75,20.4,1.3
22,75,20.0,1.5
22,75,19.6,1.7
22,75,19.2,1.9
22,75,18.8,2.1
22,75,18.5,2.3
22,75,18.2,2.5
21,75,23.9,0.0
21,75,23.3,0.1
21,75,22.2,0.3
21,75,21.1,0.5
21,75,20.6,0.7
21,75,20.2,0.9
21,75,19.7,1.1
21,75,19.3,1.3
21,75,18.8,1.5
21,75,18.7,1.7
21,75,18.5,1.9
21,75,18.3,2.1
21,75,18.0,2.3
21,75,17.8,2.5
35,80,40.0,0.00
35,80,39.4,0.1
35,80,38.3,0.3
35,80,37.2,0.5
35,80,35.2,0.7
35,80,33.1,0.9
35,80,31.1,1.1
35,80,30.6,1.3
35,80,30.0,1.5
35,80,28.9,1.7
35,80,27.8,1.9
35,80,26.8,2.1
35,80,26.0,2.3
35,80,25.2,2.5
34,80,39.0,0.00
34,80,38.5,0.1
34,80,37.4,0.3
34,80,36.4,0.5
34,80,34.5,0.7
34,80,32.6,0.9
34,80,30.7,1.1
34,80,29.9,1.3
34,80,29.2,1.5
34,80,28.4,1.7
34,80,27.6,1.9
34,80,26.9,2.1
34,80,26.2,2.3
34,80,25.5,2.5
33,80,38.0,0.00
33,80,37.5,0.1
33,80,36.6,0.3
33,80,35.6,0.5
33,80,33.9,0.7
33,80,32.1,0.9
33,80,30.3,1.1
33,80,29.3,1.3
33,80,28.4,1.5
33,80,27.9,1.7
33,80,27.4,1.9
33,80,26.9,2.1
33,80,26.4,2.3
33,80,25.8,2.5
32,80,36.9,0.00
32,80,36.5,0.1
32,80,35.6,0.3
32,80,34.8,0.5
32,80,33.1,0.7
32,80,31.5,0.9
32,80,29.9,1.1
32,80,28.8,1.3
32,80,27.6,1.5
32,80,27.4,1.7
32,80,27.2,1.9
32,80,26.8,2.1
32,80,26.4,2.3
32,80,25.9,2.5
31,80,35.5,0.00
31,80,35.1,0.1
31,80,34.3,0.3
31,80,33.5,0.5
31,80,32.2,0.7
31,80,30.8,0.9
31,80,29.5,1.1
31,80,28.3,1.3
31,80,27.0,1.5
31,80,26.7,1.7
31,80,26.4,1.9
31,80,26.0,2.1
31,80,25.6,2.3
31,80,25.1,2.5
30,80,34.1,0.0
30,80,33.8,0.1
30,80,33.1,0.3
30,80,32.3,0.5
30,80,31.2,0.7
30,80,30.1,0.9
30,80,29.1,1.1
30,80,27.8,1.3
30,80,26.4,1.5
30,80,26.1,1.7
30,80,25.7,1.9
30,80,25.2,2.1
30,80,24.8,2.3
30,80,24.3,2.5
29,80,32.7,0.0
29,80,32.4,0.1
29,80,31.7,0.3
29,80,31.0,0.5
29,80,30.1,0.7
29,80,29.2,0.9
29,80,28.3,1.1
29,80,27.1,1.3
29,80,25.8,1.5
29,80,25.2,1.7
29,80,24.7,1.9
29,80,24.2,2.1
29,80,23.8,2.3
29,80,23.3,2.5
28,80,31.4,0.0
28,80,31.0,0.1
28,80,30.2,0.3
28,80,29.4,0.5
28,80,28.7,0.7
28,80,27.9,0.9
28,80,27.2,1.1
28,80,26.1,1.3
28,80,25.0,1.5
28,80,24.2,1.7
28,80,23.4,1.9
28,80,22.9,2.1
28,80,22.5,2.3
28,80,22.2,2.5
27,80,30.0,0.0
27,80,29.5,0.1
27,80,28.7,0.3
27,80,27.8,0.5
27,80,27.2,0.7
27,80,26.6,0.9
27,80,26.0,1.1
27,80,25.1,1.3
27,80,24.1,1.5
27,80,23.1,1.7
27,80,22.2,1.9
27,80,21.5,2.1
27,80,21.2,2.3
27,80,21.0,2.5
26,80,28.7,0.0
26,80,28.3,0.1
26,80,27.5,0.3
26,80,26.7,0.5
26,80,26.2,0.7
26,80,25.7,0.9
26,80,25.1,1.1
26,80,24.4,1.3
26,80,23.6,1.5
26,80,22.5,1.7
26,80,21.5,1.9
26,80,20.9,2.1
26,80,20.6,2.3
26,80,20.4,2.5
25,80,27.5,0.0
25,80,27.2,0.1
25,80,26.6,0.3
25,80,25.9,0.5
25,80,25.5,0.7
25,80,25.0,0.9
25,80,24.5,1.1
25,80,23.9,1.3
25,80,23.2,1.5
25,80,22.2,1.7
25,80,21.2,1.9
25,80,20.6,2.1
25,80,20.4,2.3
25,80,20.2,2.5
24,80,26.3,0.0
24,80,26.1,0.1
24,80,25.6,0.3
24,80,25.2,0.5
24,80,24.7,0.7
24,80,24.3,0.9
24,80,23.9,1.1
24,80,23.4,1.3
24,80,22.8,1.5
24,80,21.9,1.7
24,80,21.0,1.9
24,80,20.4,2.1
24,80,20.2,2.3
24,80,20.0,2.5
23,80,25.5,0.0
23,80,25.2,0.1
23,80,24.5,0.3
23,80,23.9,0.5
23,80,23.4,0.7
23,80,23.0,0.9
23,80,22.5,1.1
23,80,22.0,1.3
23,80,21.4,1.5
23,80,20.8,1.7
23,80,20.2,1.9
23,80,19.8,2.1
23,80,19.6,2.3
23,80,19.4,2.5
22,80,24.9,0.0
22,80,24.4,0.1
22,80,23.5,0.3
22,80,22.6,0.5
22,80,22.1,0.7
22,80,21.6,0.9
22,80,21.1,1.1
22,80,20.5,1.3
22,80,20.0,1.5
22,80,19.6,1.7
22,80,19.3,1.9
22,80,19.1,2.1
22,80,18.9,2.3
22,80,18.8,2.5
21,80,24.4,0.0
21,80,23.8,0.1
21,80,22.7,0.3
21,80,21.6,0.5
21,80,21.1,0.7
21,80,20.5,0.9
21,80,20.0,1.1
21,80,19.4,1.3
21,80,18.8,1.5
21,80,18.7,1.7
21,80,18.6,1.9
21,80,18.5,2.1
21,80,18.4,2.3
21,80,18.3,2.5
35,85,41.1,0.00
35,85,40.5,0.1
35,85,39.3,0.3
35,85,38.1,0.5
35,85,36.9,0.7
35,85,35.6,0.9
35,85,34.4,1.1
35,85,33.2,1.3
35,85,32.0,1.5
35,85,30.8,1.7
35,85,29.6,1.9
35,85,28.3,2.1
35,85,27.1,2.3
35,85,25.9,2.5
32,85,37.6,0.00
32,85,37.2,0.1
32,85,36.2,0.3
32,85,35.2,0.5
32,85,34.3,0.7
32,85,33.3,0.9
32,85,32.4,1.1
32,85,31.4,1.3
32,85,30.4,1.5
32,85,29.5,1.7
32,85,28.5,1.9
32,85,27.5,2.1
32,85,26.6,2.3
32,85,25.6,2.5
31,85,36.1,0.00
31,85,35.7,0.1
31,85,34.8,0.3
31,85,33.9,0.5
31,85,33.1,0.7
31,85,32.2,0.9
31,85,31.3,1.1
31,85,30.5,1.3
31,85,29.6,1.5
31,85,28.7,1.7
31,85,27.9,1.9
31,85,27.0,2.1
31,85,26.1,2.3
31,85,25.3,2.5
30,85,35.2,0.00
30,85,34.8,0.1
30,85,34.0,0.3
30,85,33.2,0.5
30,85,32.5,0.7
30,85,31.7,0.9
30,85,30.9,1.1
30,85,30.1,1.3
30,85,29.3,1.5
30,85,28.5,1.7
30,85,27.7,1.9
30,85,26.9,2.1
30,85,26.1,2.3
30,85,25.3,2.5
29,85,34.5,0.00
29,85,34.1,0.1
29,85,33.3,0.3
29,85,32.6,0.5
29,85,31.8,0.7
29,85,31.1,0.9
29,85,30.3,1.1
29,85,29.6,1.3
29,85,28.8,1.5
29,85,28.1,1.7
29,85,27.3,1.9
29,85,26.6,2.1
29,85,25.8,2.3
29,85,25.0,2.5
28,85,31.9,0.0
28,85,31.5,0.1
28,85,30.8,0.3
28,85,30.0,0.5
28,85,29.3,0.7
28,85,28.6,0.9
28,85,27.8,1.1
28,85,27.1,1.3
28,85,26.4,1.5
28,85,25.7,1.7
28,85,24.9,1.9
28,85,24.2,2.1
28,85,23.5,2.3
28,85,22.7,2.5
27,85,29.7,0.0
27,85,29.3,0.1
27,85,28.6,0.3
27,85,27.9,0.5
27,85,27.2,0.7
27,85,26.5,0.9
27,85,25.7,1.1
27,85,25.0,1.3
27,85,24.3,1.5
27,85,23.6,1.7
27,85,22.9,1.9
27,85,22.2,2.1
27,85,21.4,2.3
27,85,20.7,2.5
26,85,28.5,0.0
26,85,28.2,0.1
26,85,27.6,0.3
26,85,27.0,0.5
26,85,26.4,0.7
26,85,25.8,0.9
26,85,25.1,1.1
26,85,24.5,1.3
26,85,23.9,1.5
26,85,23.3,1.7
26,85,22.7,1.9
26,85,22.1,2.1
26,85,21.5,2.3
26,85,20.9,2.5
25,85,27.8,0.0
25,85,27.6,0.1
25,85,27.0,0.3
25,85,26.5,0.5
25,85,25.9,0.7
25,85,25.4,0.9
25,85,24.8,1.1
25,85,24.3,1.3
25,85,23.7,1.5
25,85,23.1,1.7
25,85,22.6,1.9
25,85,22.0,2.1
25,85,21.5,2.3
25,85,20.9,2.5
24,85,27.2,0.0
24,85,27.0,0.1
24,85,26.4,0.3
24,85,25.9,0.5
24,85,25.3,0.7
24,85,24.8,0.9
24,85,24.2,1.1
24,85,23.7,1.3
24,85,23.1,1.5
24,85,22.5,1.7
24,85,22.0,1.9
24,85,21.4,2.1
24,85,20.9,2.3
24,85,20.3,2.5
23,85,26.6,0.0
23,85,26.4,0.1
23,85,25.8,0.3
23,85,25.3,0.5
23,85,24.7,0.7
23,85,24.2,0.9
23,85,23.6,1.1
23,85,23.1,1.3
23,85,22.5,1.5
23,85,21.9,1.7
23,85,21.4,1.9
23,85,20.8,2.1
23,85,20.3,2.3
23,85,19.7,2.5
22,85,26.0,0.0
22,85,25.8,0.1
22,85,25.2,0.3
22,85,24.7,0.5
22,85,24.1,0.7
22,85,23.6,0.9
22,85,23.0,1.1
22,85,22.5,1.3
22,85,21.9,1.5
22,85,21.3,1.7
22,85,20.8,1.9
22,85,20.2,2.1
22,85,19.7,2.3
22,85,19.1,2.5
21,85,25.4,0.0
21,85,25.2,0.1
21,85,24.6,0.3
21,85,24.1,0.5
21,85,23.5,0.7
21,85,23.0,0.9
21,85,22.4,1.1
21,85,21.9,1.3
21,85,21.3,1.5
21,85,20.7,1.7
21,85,20.2,1.9
21,85,19.6,2.1
21,85,19.1,2.3
21,85,18.5,2.5
20,85,24.8,0.0
20,85,24.6,0.1
20,85,24.0,0.3
20,85,23.5,0.5
20,85,22.9,0.7
20,85,22.4,0.9
20,85,21.8,1.1
20,85,21.3,1.3
20,85,20.7,1.5
20,85,20.1,1.7
20,85,19.6,1.9
20,85,19.0,2.1
20,85,18.5,2.3
20,85,17.9,2.5
35,90,41.9,0.0
35,90,41.3,0.1
35,90,40.1,0.3
35,90,38.9,0.5
35,90,37.7,0.7
35,90,36.4,0.9
35,90,35.2,1.1
35,90,34.0,1.3
35,90,32.8,1.5
35,90,31.6,1.7
35,90,30.4,1.9
35,90,29.2,2.1
35,90,28.0,2.3
35,90,26.8,2.5
32,90,38.4,0.00
32,90,38.0,0.1
32,90,37.0,0.3
32,90,36.0,0.5
32,90,35.1,0.7
32,90,34.1,0.9
32,90,33.1,1.1
32,90,32.1,1.3
32,90,31.2,1.5
32,90,30.2,1.7
32,90,29.2,1.9
32,90,28.3,2.1
32,90,27.3,2.3
32,90,26.3,2.5
31,90,36.9,0.00
31,90,36.5,0.1
31,90,35.6,0.3
31,90,34.8,0.5
31,90,33.9,0.7
31,90,33.0,0.9
31,90,32.2,1.1
31,90,31.3,1.3
31,90,30.4,1.5
31,90,29.6,1.7
31,90,28.7,1.9
31,90,27.8,2.1
31,90,27.0,2.3
31,90,26.1,2.5
30,90,36.1,0.00
30,90,35.7,0.1
30,90,34.9,0.3
30,90,34.1,0.5
30,90,33.3,0.7
30,90,32.4,0.9
30,90,31.6,1.1
30,90,30.8,1.3
30,90,30.0,1.5
30,90,29.2,1.7
30,90,28.4,1.9
30,90,27.6,2.1
30,90,26.8,2.3
30,90,26.0,2.5
29,90,35.3,0.00
29,90,34.9,0.1
29,90,34.2,0.3
29,90,33.4,0.5
29,90,32.7,0.7
29,90,31.9,0.9
29,90,31.2,1.1
29,90,30.4,1.3
29,90,29.6,1.5
29,90,28.9,1.7
29,90,28.1,1.9
29,90,27.4,2.1
29,90,26.6,2.3
29,90,25.9,2.5
28,90,32.5,0.0
28,90,32.1,0.1
28,90,31.4,0.3
28,90,30.6,0.5
28,90,29.9,0.7
28,90,29.2,0.9
28,90,28.5,1.1
28,90,27.7,1.3
28,90,27.0,1.5
28,90,26.3,1.7
28,90,25.5,1.9
28,90,24.8,2.1
28,90,24.1,2.3
28,90,23.4,2.5
27,90,30.2,0.0
27,90,29.8,0.1
27,90,29.1,0.3
27,90,28.4,0.5
27,90,27.7,0.7
27,90,26.9,0.9
27,90,26.2,1.1
27,90,25.5,1.3
27,90,24.8,1.5
27,90,24.1,1.7
27,90,23.4,1.9
27,90,22.6,2.1
27,90,21.9,2.3
27,90,21.2,2.5
26,90,28.9,0.0
26,90,28.6,0.1
26,90,28.0,0.3
26,90,27.4,0.5
26,90,26.8,0.7
26,90,26.2,0.9
26,90,25.6,1.1
26,90,25.0,1.3
26,90,24.4,1.5
26,90,23.8,1.7
26,90,23.2,1.9
26,90,22.6,2.1
26,90,22.0,2.3
26,90,21.4,2.5
25,90,28.3,0.0
25,90,28.1,0.1
25,90,27.5,0.3
25,90,27.0,0.5
25,90,26.4,0.7
25,90,25.9,0.9
25,90,25.4,1.1
25,90,24.8,1.3
25,90,24.3,1.5
25,90,23.7,1.7
25,90,23.2,1.9
25,90,22.7,2.1
25,90,22.1,2.3
25,90,21.6,2.5
24,90,27.7,0.0
24,90,27.5,0.1
24,90,26.9,0.3
24,90,26.4,0.5
24,90,25.8,0.7
24,90,25.3,0.9
24,90,24.8,1.1
24,90,24.2,1.3
24,90,23.7,1.5
24,90,23.1,1.7
24,90,22.6,1.9
24,90,22.1,2.1
24,90,21.5,2.3
24,90,21.0,2.5
23,90,27.1,0.0
23,90,26.9,0.1
23,90,26.3,0.3
23,90,25.8,0.5
23,90,25.2,0.7
23,90,24.7,0.9
23,90,24.2,1.1
23,90,23.6,1.3
23,90,23.1,1.5
23,90,22.5,1.7
23,90,22.0,1.9
23,90,21.5,2.1
23,90,20.9,2.3
23,90,20.4,2.5
22,90,26.5,0.0
22,90,26.3,0.1
22,90,25.7,0.3
22,90,25.2,0.5
22,90,24.6,0.7
22,90,24.1,0.9
22,90,23.6,1.1
22,90,23.0,1.3
22,90,22.5,1.5
22,90,21.9,1.7
22,90,21.4,1.9
22,90,20.9,2.1
22,90,20.3,2.3
22,90,19.8,2.5
21,90,25.9,0.0
21,90,25.7,0.1
21,90,25.1,0.3
21,90,24.6,0.5
21,90,24.0,0.7
21,90,23.5,0.9
21,90,23.0,1.1
21,90,22.4,1.3
21,90,21.9,1.5
21,90,21.3,1.7
21,90,20.8,1.9
21,90,20.3,2.1
21,90,19.7,2.3
21,90,19.2,2.5
20,90,25.3,0.0
20,90,25.1,0.1
20,90,24.5,0.3
20,90,24.0,0.5
20,90,23.4,0.7
20,90,22.9,0.9
20,90,22.4,1.1
20,90,21.8,1.3
20,90,21.3,1.5
20,90,20.7,1.7
20,90,20.2,1.9
20,90,19.7,2.1
20,90,19.1,2.3
20,90,18.6,2.5
35,95,42.7,0.0
35,95,42.1,0.1
35,95,40.9,0.3
35,95,39.7,0.5
35,95,38.5,0.7
35,95,37.2,0.9
35,95,36.0,1.1
35,95,34.8,1.3
35,95,33.6,1.5
35,95,32.4,1.7
35,95,31.2,1.9
35,95,30.0,2.1
35,95,28.8,2.3
35,95,27.6,2.5
32,95,39.2,0.00
32,95,38.8,0.1
32,95,37.8,0.3
32,95,36.8,0.5
32,95,35.9,0.7
32,95,34.9,0.9
32,95,34.0,1.1
32,95,33.0,1.3
32,95,32.1,1.5
32,95,31.1,1.7
32,95,30.1,1.9
32,95,29.2,2.1
32,95,28.2,2.3
32,95,27.3,2.5
31,95,37.7,0.00
31,95,37.2,0.1
31,95,36.4,0.3
31,95,35.5,0.5
31,95,34.6,0.7
31,95,33.8,0.9
31,95,32.9,1.1
31,95,32.1,1.3
31,95,31.2,1.5
31,95,30.3,1.7
31,95,29.5,1.9
31,95,28.6,2.1
31,95,27.7,2.3
31,95,26.9,2.5
30,95,37.0,0.00
30,95,36.6,0.1
30,95,35.7,0.3
30,95,34.9,0.5
30,95,34.1,0.7
30,95,33.3,0.9
30,95,32.4,1.1
30,95,31.6,1.3
30,95,30.8,1.5
30,95,30.0,1.7
30,95,29.2,1.9
30,95,28.3,2.1
30,95,27.5,2.3
30,95,26.7,2.5
29,95,36.2,0.00
29,95,35.8,0.1
29,95,35.1,0.3
29,95,34.3,0.5
29,95,33.5,0.7
29,95,32.8,0.9
29,95,32.0,1.1
29,95,31.2,1.3
29,95,30.5,1.5
29,95,29.7,1.7
29,95,28.9,1.9
29,95,28.2,2.1
29,95,27.4,2.3
29,95,26.6,2.5
28,95,33.0,0.0
28,95,32.7,0.1
28,95,31.9,0.3
28,95,31.2,0.5
28,95,30.5,0.7
28,95,29.8,0.9
28,95,29.0,1.1
28,95,28.3,1.3
28,95,27.6,1.5
28,95,26.9,1.7
28,95,26.1,1.9
28,95,25.4,2.1
28,95,24.7,2.3
28,95,23.9,2.5
27,95,30.7,0.0
27,95,30.3,0.1
27,95,29.6,0.3
27,95,28.9,0.5
27,95,28.2,0.7
27,95,27.4,0.9
27,95,26.7,1.1
27,95,26.0,1.3
27,95,25.3,1.5
27,95,24.6,1.7
27,95,23.9,1.9
27,95,23.1,2.1
27,95,22.4,2.3
27,95,21.7,2.5
26,95,29.4,0.0
26,95,29.1,0.1
26,95,28.5,0.3
26,95,27.9,0.5
26,95,27.3,0.7
26,95,26.7,0.9
26,95,26.1,1.1
26,95,25.5,1.3
26,95,25.0,1.5
26,95,24.4,1.7
26,95,23.8,1.9
26,95,23.2,2.1
26,95,22.6,2.3
26,95,22.0,2.5
25,95,28.8,0.0
25,95,28.5,0.1
25,95,28.0,0.3
25,95,27.4,0.5
25,95,26.9,0.7
25,95,26.4,0.9
25,95,25.8,1.1
25,95,25.3,1.3
25,95,24.8,1.5
25,95,24.2,1.7
25,95,23.7,1.9
25,95,23.2,2.1
25,95,22.7,2.3
25,95,22.1,2.5
24,95,28.2,0.0
24,95,27.9,0.1
24,95,27.4,0.3
24,95,26.8,0.5
24,95,26.3,0.7
24,95,25.8,0.9
24,95,25.2,1.1
24,95,24.7,1.3
24,95,24.2,1.5
24,95,23.6,1.7
24,95,23.1,1.9
24,95,22.6,2.1
24,95,22.1,2.3
24,95,21.5,2.5
23,95,27.6,0.0
23,95,27.3,0.1
23,95,26.8,0.3
23,95,26.2,0.5
23,95,25.7,0.7
23,95,25.2,0.9
23,95,24.6,1.1
23,95,24.1,1.3
23,95,23.6,1.5
23,95,23.0,1.7
23,95,22.5,1.9
23,95,22.0,2.1
23,95,21.5,2.3
23,95,20.9,2.5
22,95,27.0,0.0
22,95,26.7,0.1
22,95,26.2,0.3
22,95,25.6,0.5
22,95,25.1,0.7
22,95,24.6,0.9
22,95,24.0,1.1
22,95,23.5,1.3
22,95,23.0,1.5
22,95,22.4,1.7
22,95,21.9,1.9
22,95,21.4,2.1
22,95,20.9,2.3
22,95,20.3,2.5
21,95,26.4,0.0
21,95,26.1,0.1
21,95,25.6,0.3
21,95,25.0,0.5
21,95,24.5,0.7
21,95,24.0,0.9
21,95,23.4,1.1
21,95,22.9,1.3
21,95,22.4,1.5
21,95,21.8,1.7
21,95,21.3,1.9
21,95,20.8,2.1
21,95,20.3,2.3
21,95,19.7,2.5
20,95,25.8,0.0
20,95,25.5,0.1
20,95,25.0,0.3
20,95,24.4,0.5
20,95,23.9,0.7
20,95,23.4,0.9
20,95,22.8,1.1
20,95,22.3,1.3
20,95,21.8,1.5
20,95,21.2,1.7
20,95,20.7,1.9
20,95,20.2,2.1
20,95,19.7,2.3
20,95,19.1,2.5
35,100,43.5,0.0
35,100,42.9,0.1
35,100,41.7,0.3
35,100,40.5,0.5
35,100,39.2,0.7
35,100,38.0,0.9
35,100,36.8,1.1
35,100,35.6,1.3
35,100,34.3,1.5
35,100,33.1,1.7
35,100,31.9,1.9
35,100,30.7,2.1
35,100,29.4,2.3
35,100,28.2,2.5
32,100,40.2,0.00
32,100,39.7,0.1
32,100,38.7,0.3
32,100,37.7,0.5
32,100,36.7,0.7
32,100,35.7,0.9
32,100,34.7,1.1
32,100,33.7,1.3
32,100,32.6,1.5
32,100,31.6,1.7
32,100,30.6,1.9
32,100,29.6,2.1
32,100,28.6,2.3
32,100,27.6,2.5
31,100,38.6,0.00
31,100,38.2,0.1
31,100,37.3,0.3
31,100,36.4,0.5
31,100,35.5,0.7
31,100,34.6,0.9
31,100,33.7,1.1
31,100,32.8,1.3
31,100,32.0,1.5
31,100,31.1,1.7
31,100,30.2,1.9
31,100,29.3,2.1
31,100,28.4,2.3
31,100,27.5,2.5
30,100,37.7,0.00
30,100,37.3,0.1
30,100,36.5,0.3
30,100,35.7,0.5
30,100,34.8,0.7
30,100,34.0,0.9
30,100,33.2,1.1
30,100,32.4,1.3
30,100,31.6,1.5
30,100,30.7,1.7
30,100,29.9,1.9
30,100,29.1,2.1
30,100,28.3,2.3
30,100,27.4,2.5
29,100,36.9,0.00
29,100,36.5,0.1
29,100,35.8,0.3
29,100,35.0,0.5
29,100,34.3,0.7
29,100,33.5,0.9
29,100,32.7,1.1
29,100,32.0,1.3
29,100,31.2,1.5
29,100,30.5,1.7
29,100,29.7,1.9
29,100,29.0,2.1
29,100,28.2,2.3
29,100,27.5,2.5
28,100,33.8,0.0
28,100,33.4,0.1
28,100,32.7,0.3
28,100,31.9,0.5
28,100,31.2,0.7
28,100,30.4,0.9
28,100,29.7,1.1
28,100,28.9,1.3
28,100,28.2,1.5
28,100,27.5,1.7
28,100,26.7,1.9
28,100,26.0,2.1
28,100,25.2,2.3
28,100,24.5,2.5
27,100,31.2,0.0
27,100,30.9,0.1
27,100,30.1,0.3
27,100,29.4,0.5
27,100,28.7,0.7
27,100,28.0,0.9
27,100,27.2,1.1
27,100,26.5,1.3
27,100,25.8,1.5
27,100,25.1,1.7
27,100,24.3,1.9
27,100,23.6,2.1
27,100,22.9,2.3
27,100,22.2,2.5
26,100,29.8,0.0
26,100,29.5,0.1
26,100,29.0,0.3
26,100,28.4,0.5
26,100,27.8,0.7
26,100,27.2,0.9
26,100,26.6,1.1
26,100,26.1,1.3
26,100,25.5,1.5
26,100,24.9,1.7
26,100,24.3,1.9
26,100,23.7,2.1
26,100,23.2,2.3
26,100,22.6,2.5
25,100,29.2,0.0
25,100,29.0,0.1
25,100,28.4,0.3
25,100,27.9,0.5
25,100,27.4,0.7
25,100,26.9,0.9
25,100,26.3,1.1
25,100,25.8,1.3
25,100,25.3,1.5
25,100,24.8,1.7
25,100,24.3,1.9
25,100,23.7,2.1
25,100,23.2,2.3
25,100,22.7,2.5
24,100,28.6,0.0
24,100,28.4,0.1
24,100,27.8,0.3
24,100,27.3,0.5
24,100,26.8,0.7
24,100,26.3,0.9
24,100,25.7,1.1
24,100,25.2,1.3
24,100,24.7,1.5
24,100,24.2,1.7
24,100,23.7,1.9
24,100,23.1,2.1
24,100,22.6,2.3
24,100,22.1,2.5
23,100,28.0,0.0
23,100,27.8,0.1
23,100,27.2,0.3
23,100,26.7,0.5
23,100,26.2,0.7
23,100,25.7,0.9
23,100,25.1,1.1
23,100,24.6,1.3
23,100,24.1,1.5
23,100,23.6,1.7
23,100,23.1,1.9
23,100,22.5,2.1
23,100,22.0,2.3
23,100,21.5,2.5
22,100,27.4,0.0
22,100,27.2,0.1
22,100,26.6,0.3
22,100,26.1,0.5
22,100,25.6,0.7
22,100,25.1,0.9
22,100,24.5,1.1
22,100,24.0,1.3
22,100,23.5,1.5
22,100,23.0,1.7
22,100,22.5,1.9
22,100,21.9,2.1
22,100,21.4,2.3
22,100,20.9,2.5
21,100,26.8,0.0
21,100,26.6,0.1
21,100,26.0,0.3
21,100,25.5,0.5
21,100,25.0,0.7
21,100,24.5,0.9
21,100,23.9,1.1
21,100,23.4,1.3
21,100,22.9,1.5
21,100,22.4,1.7
21,100,21.9,1.9
21,100,21.3,2.1
21,100,20.8,2.3
21,100,20.3,2.5
20,100,26.2,0.0
20,100,26.0,0.1
20,100,25.4,0.3
20,100,24.9,0.5
20,100,24.4,0.7
20,100,23.9,0.9
20,100,23.3,1.1
20,100,22.8,1.3
20,100,22.3,1.5
20,100,21.8,1.7
20,100,21.3,1.9
20,100,20.7,2.1
20,100,20.2,2.3
20,100,19.7,2.5
